name: United Kingdom
iso3166-1: GB
complete: false
regions:
    

    # Aberdeen
    - codes:
        iso3166-2: GB-ABE
      names:
        - name: Aberdeen
          sources:
            - name: iso3166-2
              languages: [en]
              value: Aberdeen City
    

    # Aberdeenshire
    - codes:
        iso3166-2: GB-ABD
      names:
        - name: Aberdeenshire
          sources:
            - name: iso3166-2
              languages: [en]
    

    # Angus
    - codes:
        iso3166-2: GB-ANS
      names:
        - name: Angus
          sources:
            - name: iso3166-2
              languages: [en]
    

    # Antrim and Newtownabbey
    - codes:
        iso3166-2: GB-ANN
      names:
        - name: Antrim and Newtownabbey
          sources:
            - name: iso3166-2
              languages: [en]
    

    # Ards and North Down
    - codes:
        iso3166-2: GB-AND
      names:
        - name: Ards and North Down
          sources:
            - name: iso3166-2
              languages: [en]
    

    # Argyll and Bute
    - codes:
        iso3166-2: GB-AGB
      names:
        - name: Argyll and Bute
          sources:
            - name: iso3166-2
              languages: [en]
    

    # Armagh Banbridge and Craigavon
    - codes:
        iso3166-2: GB-ABC
      names:
        - name: Armagh Banbridge and Craigavon
          sources:
            - name: iso3166-2
              languages: [en]
              value: Armagh City, Banbridge and Craigavon
    

    # Barking and Dagenham
    - codes:
        iso3166-2: GB-BDG
      names:
        - name: Barking and Dagenham
          sources:
            - name: iso3166-2
              languages: [en]
    

    # Barnet
    - codes:
        iso3166-2: GB-BNE
      names:
        - name: Barnet
          sources:
            - name: iso3166-2
              languages: [en]
    

    # Barnsley
    - codes:
        iso3166-2: GB-BNS
      names:
        - name: Barnsley
          sources:
            - name: iso3166-2
              languages: [en]
    

    # Bath and North East Somerset
    - codes:
        iso3166-2: GB-BAS
      names:
        - name: Bath and North East Somerset
          sources:
            - name: iso3166-2
              languages: [en]
    

    # Bedford
    - codes:
        iso3166-2: GB-BDF
      names:
        - name: Bedford
          sources:
            - name: iso3166-2
              languages: [en]
    

    # Belfast
    - codes:
        iso3166-2: GB-BFS
      names:
        - name: Belfast
          sources:
            - name: iso3166-2
              languages: [en]
              value: Belfast City
    

    # Bexley
    - codes:
        iso3166-2: GB-BEX
      names:
        - name: Bexley
          sources:
            - name: iso3166-2
              languages: [en]
    

    # Birmingham
    - codes:
        iso3166-2: GB-BIR
      names:
        - name: Birmingham
          sources:
            - name: iso3166-2
              languages: [en]
    

    # Blackburn with Darwen
    - codes:
        iso3166-2: GB-BBD
      names:
        - name: Blackburn with Darwen
          sources:
            - name: iso3166-2
              languages: [en]
    

    # Blackpool
    - codes:
        iso3166-2: GB-BPL
      names:
        - name: Blackpool
          sources:
            - name: iso3166-2
              languages: [en]
    

    # Blaenau Gwent
    - codes:
        iso3166-2: GB-BGW
      names:
        - name: Blaenau Gwent
          sources:
            - name: iso3166-2
              languages: [en]
    

    # Bolton
    - codes:
        iso3166-2: GB-BOL
      names:
        - name: Bolton
          sources:
            - name: iso3166-2
              languages: [en]
    

    # Bournemouth, Christchurch and Poole
    - codes:
        iso3166-2: GB-BCP
      names:
        - name: Bournemouth, Christchurch and Poole
          sources:
            - name: iso3166-2
              languages: [en]
    

    # Bracknell Forest
    - codes:
        iso3166-2: GB-BRC
      names:
        - name: Bracknell Forest
          sources:
            - name: iso3166-2
              languages: [en]
    

    # Bradford
    - codes:
        iso3166-2: GB-BRD
      names:
        - name: Bradford
          sources:
            - name: iso3166-2
              languages: [en]
    

    # Brent
    - codes:
        iso3166-2: GB-BEN
      names:
        - name: Brent
          sources:
            - name: iso3166-2
              languages: [en]
    

    # Bridgend
    - codes:
        iso3166-2: GB-BGE
      names:
        - name: Bridgend
          sources:
            - name: iso3166-2
              languages: [en]
              value: Bridgend [Pen-y-bont ar Ogwr GB-POG]
    

    # Brighton and Hove
    - codes:
        iso3166-2: GB-BNH
      names:
        - name: Brighton and Hove
          sources:
            - name: iso3166-2
              languages: [en]
    

    # Bristol
    - codes:
        iso3166-2: GB-BST
      names:
        - name: Bristol
          sources:
            - name: iso3166-2
              languages: [en]
              value: Bristol, City of
    

    # Bromley
    - codes:
        iso3166-2: GB-BRY
      names:
        - name: Bromley
          sources:
            - name: iso3166-2
              languages: [en]
    

    # Buckinghamshire
    - codes:
        iso3166-2: GB-BKM
      names:
        - name: Buckinghamshire
          sources:
            - name: iso3166-2
              languages: [en]
    

    # Bury
    - codes:
        iso3166-2: GB-BUR
      names:
        - name: Bury
          sources:
            - name: iso3166-2
              languages: [en]
    

    # Caerphilly
    - codes:
        iso3166-2: GB-CAY
      names:
        - name: Caerphilly
          sources:
            - name: iso3166-2
              languages: [en]
              value: Caerphilly [Caerffili GB-CAF]
    

    # Calderdale
    - codes:
        iso3166-2: GB-CLD
      names:
        - name: Calderdale
          sources:
            - name: iso3166-2
              languages: [en]
    

    # Cambridgeshire
    - codes:
        iso3166-2: GB-CAM
      names:
        - name: Cambridgeshire
          sources:
            - name: iso3166-2
              languages: [en]
    

    # Camden
    - codes:
        iso3166-2: GB-CMD
      names:
        - name: Camden
          sources:
            - name: iso3166-2
              languages: [en]
    

    # Cardiff
    - codes:
        iso3166-2: GB-CRF
      names:
        - name: Cardiff
          sources:
            - name: iso3166-2
              languages: [en]
              value: Cardiff [Caerdydd GB-CRD]
    

    # Carmarthenshire
    - codes:
        iso3166-2: GB-CMN
      names:
        - name: Carmarthenshire
          sources:
            - name: iso3166-2
              languages: [en]
              value: Carmarthenshire [Sir Gaerfyrddin GB-GFY]
    

    # Causeway Coast and Glens
    - codes:
        iso3166-2: GB-CCG
      names:
        - name: Causeway Coast and Glens
          sources:
            - name: iso3166-2
              languages: [en]
    

    # Central Bedfordshire
    - codes:
        iso3166-2: GB-CBF
      names:
        - name: Central Bedfordshire
          sources:
            - name: iso3166-2
              languages: [en]
    

    # Ceredigion
    - codes:
        iso3166-2: GB-CGN
      names:
        - name: Ceredigion
          sources:
            - name: iso3166-2
              languages: [en]
              value: Ceredigion [Sir Ceredigion]
    

    # Cheshire East
    - codes:
        iso3166-2: GB-CHE
      names:
        - name: Cheshire East
          sources:
            - name: iso3166-2
              languages: [en]
    

    # Cheshire West and Chester
    - codes:
        iso3166-2: GB-CHW
      names:
        - name: Cheshire West and Chester
          sources:
            - name: iso3166-2
              languages: [en]
    

    # Clackmannanshire
    - codes:
        iso3166-2: GB-CLK
      names:
        - name: Clackmannanshire
          sources:
            - name: iso3166-2
              languages: [en]
    

    # Conwy
    - codes:
        iso3166-2: GB-CWY
      names:
        - name: Conwy
          sources:
            - name: iso3166-2
              languages: [en]
    

    # Cornwall
    - codes:
        iso3166-2: GB-CON
      names:
        - name: Cornwall
          sources:
            - name: iso3166-2
              languages: [en]
    

    # Coventry
    - codes:
        iso3166-2: GB-COV
      names:
        - name: Coventry
          sources:
            - name: iso3166-2
              languages: [en]
    

    # Croydon
    - codes:
        iso3166-2: GB-CRY
      names:
        - name: Croydon
          sources:
            - name: iso3166-2
              languages: [en]
    

    # Cumbria
    - codes:
        iso3166-2: GB-CMA
      names:
        - name: Cumbria
          sources:
            - name: iso3166-2
              languages: [en]
    

    # Darlington
    - codes:
        iso3166-2: GB-DAL
      names:
        - name: Darlington
          sources:
            - name: iso3166-2
              languages: [en]
    

    # Denbighshire
    - codes:
        iso3166-2: GB-DEN
      names:
        - name: Denbighshire
          sources:
            - name: iso3166-2
              languages: [en]
              value: Denbighshire [Sir Ddinbych GB-DDB]
    

    # Derby
    - codes:
        iso3166-2: GB-DER
      names:
        - name: Derby
          sources:
            - name: iso3166-2
              languages: [en]
    

    # Derbyshire
    - codes:
        iso3166-2: GB-DBY
      names:
        - name: Derbyshire
          sources:
            - name: iso3166-2
              languages: [en]
    

    # Derry and Strabane
    - codes:
        iso3166-2: GB-DRS
      names:
        - name: Derry and Strabane
          sources:
            - name: iso3166-2
              languages: [en]
    

    # Devon
    - codes:
        iso3166-2: GB-DEV
      names:
        - name: Devon
          sources:
            - name: iso3166-2
              languages: [en]
    

    # Doncaster
    - codes:
        iso3166-2: GB-DNC
      names:
        - name: Doncaster
          sources:
            - name: iso3166-2
              languages: [en]
    

    # Dorset
    - codes:
        iso3166-2: GB-DOR
      names:
        - name: Dorset
          sources:
            - name: iso3166-2
              languages: [en]
    

    # Dudley
    - codes:
        iso3166-2: GB-DUD
      names:
        - name: Dudley
          sources:
            - name: iso3166-2
              languages: [en]
    

    # Dumfries and Galloway
    - codes:
        iso3166-2: GB-DGY
      names:
        - name: Dumfries and Galloway
          sources:
            - name: iso3166-2
              languages: [en]
    

    # Dundee
    - codes:
        iso3166-2: GB-DND
      names:
        - name: Dundee
          sources:
            - name: iso3166-2
              languages: [en]
              value: Dundee City
    

    # Durham, County
    - codes:
        iso3166-2: GB-DUR
      names:
        - name: Durham, County
          sources:
            - name: iso3166-2
              languages: [en]
    

    # Ealing
    - codes:
        iso3166-2: GB-EAL
      names:
        - name: Ealing
          sources:
            - name: iso3166-2
              languages: [en]
    

    # East Ayrshire
    - codes:
        iso3166-2: GB-EAY
      names:
        - name: East Ayrshire
          sources:
            - name: iso3166-2
              languages: [en]
    

    # East Dunbartonshire
    - codes:
        iso3166-2: GB-EDU
      names:
        - name: East Dunbartonshire
          sources:
            - name: iso3166-2
              languages: [en]
    

    # East Lothian
    - codes:
        iso3166-2: GB-ELN
      names:
        - name: East Lothian
          sources:
            - name: iso3166-2
              languages: [en]
    

    # East Renfrewshire
    - codes:
        iso3166-2: GB-ERW
      names:
        - name: East Renfrewshire
          sources:
            - name: iso3166-2
              languages: [en]
    

    # East Riding Yorkshire
    - codes:
        iso3166-2: GB-ERY
      names:
        - name: East Riding Yorkshire
          sources:
            - name: iso3166-2
              languages: [en]
              value: East Riding of Yorkshire
    

    # East Sussex
    - codes:
        iso3166-2: GB-ESX
      names:
        - name: East Sussex
          sources:
            - name: iso3166-2
              languages: [en]
    

    # Edinburgh
    - codes:
        iso3166-2: GB-EDH
      names:
        - name: Edinburgh
          sources:
            - name: iso3166-2
              languages: [en]
              value: Edinburgh, City of
    

    # Eilean Siar
    - codes:
        iso3166-2: GB-ELS
      names:
        - name: Eilean Siar
          sources:
            - name: iso3166-2
              languages: [en]
    

    # Enfield
    - codes:
        iso3166-2: GB-ENF
      names:
        - name: Enfield
          sources:
            - name: iso3166-2
              languages: [en]
    

    # Essex
    - codes:
        iso3166-2: GB-ESS
      names:
        - name: Essex
          sources:
            - name: iso3166-2
              languages: [en]
    

    # Falkirk
    - codes:
        iso3166-2: GB-FAL
      names:
        - name: Falkirk
          sources:
            - name: iso3166-2
              languages: [en]
    

    # Fermanagh and Omagh
    - codes:
        iso3166-2: GB-FMO
      names:
        - name: Fermanagh and Omagh
          sources:
            - name: iso3166-2
              languages: [en]
    

    # Fife
    - codes:
        iso3166-2: GB-FIF
      names:
        - name: Fife
          sources:
            - name: iso3166-2
              languages: [en]
    

    # Flintshire
    - codes:
        iso3166-2: GB-FLN
      names:
        - name: Flintshire
          sources:
            - name: iso3166-2
              languages: [en]
              value: Flintshire [Sir y Fflint GB-FFL]
    

    # Gateshead
    - codes:
        iso3166-2: GB-GAT
      names:
        - name: Gateshead
          sources:
            - name: iso3166-2
              languages: [en]
    

    # Glasgow
    - codes:
        iso3166-2: GB-GLG
      names:
        - name: Glasgow
          sources:
            - name: iso3166-2
              languages: [en]
              value: Glasgow City
    

    # Gloucestershire
    - codes:
        iso3166-2: GB-GLS
      names:
        - name: Gloucestershire
          sources:
            - name: iso3166-2
              languages: [en]
    

    # Greenwich
    - codes:
        iso3166-2: GB-GRE
      names:
        - name: Greenwich
          sources:
            - name: iso3166-2
              languages: [en]
    

    # Gwynedd
    - codes:
        iso3166-2: GB-GWN
      names:
        - name: Gwynedd
          sources:
            - name: iso3166-2
              languages: [en]
    

    # Hackney
    - codes:
        iso3166-2: GB-HCK
      names:
        - name: Hackney
          sources:
            - name: iso3166-2
              languages: [en]
    

    # Halton
    - codes:
        iso3166-2: GB-HAL
      names:
        - name: Halton
          sources:
            - name: iso3166-2
              languages: [en]
    

    # Hammersmith and Fulham
    - codes:
        iso3166-2: GB-HMF
      names:
        - name: Hammersmith and Fulham
          sources:
            - name: iso3166-2
              languages: [en]
    

    # Hampshire
    - codes:
        iso3166-2: GB-HAM
      names:
        - name: Hampshire
          sources:
            - name: iso3166-2
              languages: [en]
    

    # Haringey
    - codes:
        iso3166-2: GB-HRY
      names:
        - name: Haringey
          sources:
            - name: iso3166-2
              languages: [en]
    

    # Harrow
    - codes:
        iso3166-2: GB-HRW
      names:
        - name: Harrow
          sources:
            - name: iso3166-2
              languages: [en]
    

    # Hartlepool
    - codes:
        iso3166-2: GB-HPL
      names:
        - name: Hartlepool
          sources:
            - name: iso3166-2
              languages: [en]
    

    # Havering
    - codes:
        iso3166-2: GB-HAV
      names:
        - name: Havering
          sources:
            - name: iso3166-2
              languages: [en]
    

    # Herefordshire
    - codes:
        iso3166-2: GB-HEF
      names:
        - name: Herefordshire
          sources:
            - name: iso3166-2
              languages: [en]
    

    # Hertfordshire
    - codes:
        iso3166-2: GB-HRT
      names:
        - name: Hertfordshire
          sources:
            - name: iso3166-2
              languages: [en]
    

    # Highland
    - codes:
        iso3166-2: GB-HLD
      names:
        - name: Highland
          sources:
            - name: iso3166-2
              languages: [en]
    

    # Hillingdon
    - codes:
        iso3166-2: GB-HIL
      names:
        - name: Hillingdon
          sources:
            - name: iso3166-2
              languages: [en]
    

    # Hounslow
    - codes:
        iso3166-2: GB-HNS
      names:
        - name: Hounslow
          sources:
            - name: iso3166-2
              languages: [en]
    

    # Inverclyde
    - codes:
        iso3166-2: GB-IVC
      names:
        - name: Inverclyde
          sources:
            - name: iso3166-2
              languages: [en]
    

    # Isle Anglesey
    - codes:
        iso3166-2: GB-AGY
      names:
        - name: Isle Anglesey
          sources:
            - name: iso3166-2
              languages: [en]
              value: Isle of Anglesey [Sir Ynys Môn GB-YNM]
    

    # Isle Wight
    - codes:
        iso3166-2: GB-IOW
      names:
        - name: Isle Wight
          sources:
            - name: iso3166-2
              languages: [en]
              value: Isle of Wight
    

    # Isles Scilly
    - codes:
        iso3166-2: GB-IOS
      names:
        - name: Isles Scilly
          sources:
            - name: iso3166-2
              languages: [en]
              value: Isles of Scilly
    

    # Islington
    - codes:
        iso3166-2: GB-ISL
      names:
        - name: Islington
          sources:
            - name: iso3166-2
              languages: [en]
    

    # Kensington and Chelsea
    - codes:
        iso3166-2: GB-KEC
      names:
        - name: Kensington and Chelsea
          sources:
            - name: iso3166-2
              languages: [en]
    

    # Kent
    - codes:
        iso3166-2: GB-KEN
      names:
        - name: Kent
          sources:
            - name: iso3166-2
              languages: [en]
    

    # Kingston upon Hull
    - codes:
        iso3166-2: GB-KHL
      names:
        - name: Kingston upon Hull
          sources:
            - name: iso3166-2
              languages: [en]
    

    # Kingston upon Thames
    - codes:
        iso3166-2: GB-KTT
      names:
        - name: Kingston upon Thames
          sources:
            - name: iso3166-2
              languages: [en]
    

    # Kirklees
    - codes:
        iso3166-2: GB-KIR
      names:
        - name: Kirklees
          sources:
            - name: iso3166-2
              languages: [en]
    

    # Knowsley
    - codes:
        iso3166-2: GB-KWL
      names:
        - name: Knowsley
          sources:
            - name: iso3166-2
              languages: [en]
    

    # Lambeth
    - codes:
        iso3166-2: GB-LBH
      names:
        - name: Lambeth
          sources:
            - name: iso3166-2
              languages: [en]
    

    # Lancashire
    - codes:
        iso3166-2: GB-LAN
      names:
        - name: Lancashire
          sources:
            - name: iso3166-2
              languages: [en]
    

    # Leeds
    - codes:
        iso3166-2: GB-LDS
      names:
        - name: Leeds
          sources:
            - name: iso3166-2
              languages: [en]
    

    # Leicester
    - codes:
        iso3166-2: GB-LCE
      names:
        - name: Leicester
          sources:
            - name: iso3166-2
              languages: [en]
    

    # Leicestershire
    - codes:
        iso3166-2: GB-LEC
      names:
        - name: Leicestershire
          sources:
            - name: iso3166-2
              languages: [en]
    

    # Lewisham
    - codes:
        iso3166-2: GB-LEW
      names:
        - name: Lewisham
          sources:
            - name: iso3166-2
              languages: [en]
    

    # Lincolnshire
    - codes:
        iso3166-2: GB-LIN
      names:
        - name: Lincolnshire
          sources:
            - name: iso3166-2
              languages: [en]
    

    # Lisburn and Castlereagh
    - codes:
        iso3166-2: GB-LBC
      names:
        - name: Lisburn and Castlereagh
          sources:
            - name: iso3166-2
              languages: [en]
    

    # Liverpool
    - codes:
        iso3166-2: GB-LIV
      names:
        - name: Liverpool
          sources:
            - name: iso3166-2
              languages: [en]
    

    # London
    - codes:
        iso3166-2: GB-LND
      names:
        - name: London
          sources:
            - name: iso3166-2
              languages: [en]
              value: London, City of
    

    # Luton
    - codes:
        iso3166-2: GB-LUT
      names:
        - name: Luton
          sources:
            - name: iso3166-2
              languages: [en]
    

    # Manchester
    - codes:
        iso3166-2: GB-MAN
      names:
        - name: Manchester
          sources:
            - name: iso3166-2
              languages: [en]
    

    # Medway
    - codes:
        iso3166-2: GB-MDW
      names:
        - name: Medway
          sources:
            - name: iso3166-2
              languages: [en]
    

    # Merthyr Tydfil
    - codes:
        iso3166-2: GB-MTY
      names:
        - name: Merthyr Tydfil
          sources:
            - name: iso3166-2
              languages: [en]
              value: Merthyr Tydfil [Merthyr Tudful GB-MTU]
    

    # Merton
    - codes:
        iso3166-2: GB-MRT
      names:
        - name: Merton
          sources:
            - name: iso3166-2
              languages: [en]
    

    # Mid and East Antrim
    - codes:
        iso3166-2: GB-MEA
      names:
        - name: Mid and East Antrim
          sources:
            - name: iso3166-2
              languages: [en]
    

    # Mid-Ulster
    - codes:
        iso3166-2: GB-MUL
      names:
        - name: Mid-Ulster
          sources:
            - name: iso3166-2
              languages: [en]
    

    # Middlesbrough
    - codes:
        iso3166-2: GB-MDB
      names:
        - name: Middlesbrough
          sources:
            - name: iso3166-2
              languages: [en]
    

    # Midlothian
    - codes:
        iso3166-2: GB-MLN
      names:
        - name: Midlothian
          sources:
            - name: iso3166-2
              languages: [en]
    

    # Milton Keynes
    - codes:
        iso3166-2: GB-MIK
      names:
        - name: Milton Keynes
          sources:
            - name: iso3166-2
              languages: [en]
    

    # Monmouthshire
    - codes:
        iso3166-2: GB-MON
      names:
        - name: Monmouthshire
          sources:
            - name: iso3166-2
              languages: [en]
              value: Monmouthshire [Sir Fynwy GB-FYN]
    

    # Moray
    - codes:
        iso3166-2: GB-MRY
      names:
        - name: Moray
          sources:
            - name: iso3166-2
              languages: [en]
    

    # Neath Port Talbot
    - codes:
        iso3166-2: GB-NTL
      names:
        - name: Neath Port Talbot
          sources:
            - name: iso3166-2
              languages: [en]
              value: Neath Port Talbot [Castell-nedd Port Talbot GB-CTL]
    

    # Newcastle upon Tyne
    - codes:
        iso3166-2: GB-NET
      names:
        - name: Newcastle upon Tyne
          sources:
            - name: iso3166-2
              languages: [en]
    

    # Newham
    - codes:
        iso3166-2: GB-NWM
      names:
        - name: Newham
          sources:
            - name: iso3166-2
              languages: [en]
    

    # Newport
    - codes:
        iso3166-2: GB-NWP
      names:
        - name: Newport
          sources:
            - name: iso3166-2
              languages: [en]
              value: Newport [Casnewydd GB-CNW]
    

    # Newry, Mourne and Down
    - codes:
        iso3166-2: GB-NMD
      names:
        - name: Newry, Mourne and Down
          sources:
            - name: iso3166-2
              languages: [en]
    

    # Norfolk
    - codes:
        iso3166-2: GB-NFK
      names:
        - name: Norfolk
          sources:
            - name: iso3166-2
              languages: [en]
    

    # North Ayrshire
    - codes:
        iso3166-2: GB-NAY
      names:
        - name: North Ayrshire
          sources:
            - name: iso3166-2
              languages: [en]
    

    # North East Lincolnshire
    - codes:
        iso3166-2: GB-NEL
      names:
        - name: North East Lincolnshire
          sources:
            - name: iso3166-2
              languages: [en]
    

    # North Lanarkshire
    - codes:
        iso3166-2: GB-NLK
      names:
        - name: North Lanarkshire
          sources:
            - name: iso3166-2
              languages: [en]
    

    # North Lincolnshire
    - codes:
        iso3166-2: GB-NLN
      names:
        - name: North Lincolnshire
          sources:
            - name: iso3166-2
              languages: [en]
    

    # North Somerset
    - codes:
        iso3166-2: GB-NSM
      names:
        - name: North Somerset
          sources:
            - name: iso3166-2
              languages: [en]
    

    # North Tyneside
    - codes:
        iso3166-2: GB-NTY
      names:
        - name: North Tyneside
          sources:
            - name: iso3166-2
              languages: [en]
    

    # North Yorkshire
    - codes:
        iso3166-2: GB-NYK
      names:
        - name: North Yorkshire
          sources:
            - name: iso3166-2
              languages: [en]
    

    # Northamptonshire
    - codes:
        iso3166-2: GB-NTH
      names:
        - name: Northamptonshire
          sources:
            - name: iso3166-2
              languages: [en]
    

    # Northumberland
    - codes:
        iso3166-2: GB-NBL
      names:
        - name: Northumberland
          sources:
            - name: iso3166-2
              languages: [en]
    

    # Nottingham
    - codes:
        iso3166-2: GB-NGM
      names:
        - name: Nottingham
          sources:
            - name: iso3166-2
              languages: [en]
    

    # Nottinghamshire
    - codes:
        iso3166-2: GB-NTT
      names:
        - name: Nottinghamshire
          sources:
            - name: iso3166-2
              languages: [en]
    

    # Oldham
    - codes:
        iso3166-2: GB-OLD
      names:
        - name: Oldham
          sources:
            - name: iso3166-2
              languages: [en]
    

    # Orkney Islands
    - codes:
        iso3166-2: GB-ORK
      names:
        - name: Orkney Islands
          sources:
            - name: iso3166-2
              languages: [en]
    

    # Oxfordshire
    - codes:
        iso3166-2: GB-OXF
      names:
        - name: Oxfordshire
          sources:
            - name: iso3166-2
              languages: [en]
    

    # Pembrokeshire
    - codes:
        iso3166-2: GB-PEM
      names:
        - name: Pembrokeshire
          sources:
            - name: iso3166-2
              languages: [en]
              value: Pembrokeshire [Sir Benfro GB-BNF]
    

    # Perth and Kinross
    - codes:
        iso3166-2: GB-PKN
      names:
        - name: Perth and Kinross
          sources:
            - name: iso3166-2
              languages: [en]
    

    # Peterborough
    - codes:
        iso3166-2: GB-PTE
      names:
        - name: Peterborough
          sources:
            - name: iso3166-2
              languages: [en]
    

    # Plymouth
    - codes:
        iso3166-2: GB-PLY
      names:
        - name: Plymouth
          sources:
            - name: iso3166-2
              languages: [en]
    

    # Portsmouth
    - codes:
        iso3166-2: GB-POR
      names:
        - name: Portsmouth
          sources:
            - name: iso3166-2
              languages: [en]
    

    # Powys
    - codes:
        iso3166-2: GB-POW
      names:
        - name: Powys
          sources:
            - name: iso3166-2
              languages: [en]
    

    # Reading
    - codes:
        iso3166-2: GB-RDG
      names:
        - name: Reading
          sources:
            - name: iso3166-2
              languages: [en]
    

    # Redbridge
    - codes:
        iso3166-2: GB-RDB
      names:
        - name: Redbridge
          sources:
            - name: iso3166-2
              languages: [en]
    

    # Redcar and Cleveland
    - codes:
        iso3166-2: GB-RCC
      names:
        - name: Redcar and Cleveland
          sources:
            - name: iso3166-2
              languages: [en]
    

    # Renfrewshire
    - codes:
        iso3166-2: GB-RFW
      names:
        - name: Renfrewshire
          sources:
            - name: iso3166-2
              languages: [en]
    

    # Rhondda Cynon Taff
    - codes:
        iso3166-2: GB-RCT
      names:
        - name: Rhondda Cynon Taff
          sources:
            - name: iso3166-2
              languages: [en]
              value: Rhondda Cynon Taff [Rhondda CynonTaf]
    

    # Richmond upon Thames
    - codes:
        iso3166-2: GB-RIC
      names:
        - name: Richmond upon Thames
          sources:
            - name: iso3166-2
              languages: [en]
    

    # Rochdale
    - codes:
        iso3166-2: GB-RCH
      names:
        - name: Rochdale
          sources:
            - name: iso3166-2
              languages: [en]
    

    # Rotherham
    - codes:
        iso3166-2: GB-ROT
      names:
        - name: Rotherham
          sources:
            - name: iso3166-2
              languages: [en]
    

    # Rutland
    - codes:
        iso3166-2: GB-RUT
      names:
        - name: Rutland
          sources:
            - name: iso3166-2
              languages: [en]
    

    # Salford
    - codes:
        iso3166-2: GB-SLF
      names:
        - name: Salford
          sources:
            - name: iso3166-2
              languages: [en]
    

    # Sandwell
    - codes:
        iso3166-2: GB-SAW
      names:
        - name: Sandwell
          sources:
            - name: iso3166-2
              languages: [en]
    

    # Scottish Borders
    - codes:
        iso3166-2: GB-SCB
      names:
        - name: Scottish Borders
          sources:
            - name: iso3166-2
              languages: [en]
    

    # Sefton
    - codes:
        iso3166-2: GB-SFT
      names:
        - name: Sefton
          sources:
            - name: iso3166-2
              languages: [en]
    

    # Sheffield
    - codes:
        iso3166-2: GB-SHF
      names:
        - name: Sheffield
          sources:
            - name: iso3166-2
              languages: [en]
    

    # Shetland Islands
    - codes:
        iso3166-2: GB-ZET
      names:
        - name: Shetland Islands
          sources:
            - name: iso3166-2
              languages: [en]
    

    # Shropshire
    - codes:
        iso3166-2: GB-SHR
      names:
        - name: Shropshire
          sources:
            - name: iso3166-2
              languages: [en]
    

    # Slough
    - codes:
        iso3166-2: GB-SLG
      names:
        - name: Slough
          sources:
            - name: iso3166-2
              languages: [en]
    

    # Solihull
    - codes:
        iso3166-2: GB-SOL
      names:
        - name: Solihull
          sources:
            - name: iso3166-2
              languages: [en]
    

    # Somerset
    - codes:
        iso3166-2: GB-SOM
      names:
        - name: Somerset
          sources:
            - name: iso3166-2
              languages: [en]
    

    # South Ayrshire
    - codes:
        iso3166-2: GB-SAY
      names:
        - name: South Ayrshire
          sources:
            - name: iso3166-2
              languages: [en]
    

    # South Gloucestershire
    - codes:
        iso3166-2: GB-SGC
      names:
        - name: South Gloucestershire
          sources:
            - name: iso3166-2
              languages: [en]
    

    # South Lanarkshire
    - codes:
        iso3166-2: GB-SLK
      names:
        - name: South Lanarkshire
          sources:
            - name: iso3166-2
              languages: [en]
    

    # South Tyneside
    - codes:
        iso3166-2: GB-STY
      names:
        - name: South Tyneside
          sources:
            - name: iso3166-2
              languages: [en]
    

    # Southampton
    - codes:
        iso3166-2: GB-STH
      names:
        - name: Southampton
          sources:
            - name: iso3166-2
              languages: [en]
    

    # Southend-on-Sea
    - codes:
        iso3166-2: GB-SOS
      names:
        - name: Southend-on-Sea
          sources:
            - name: iso3166-2
              languages: [en]
    

    # Southwark
    - codes:
        iso3166-2: GB-SWK
      names:
        - name: Southwark
          sources:
            - name: iso3166-2
              languages: [en]
    

    # St. Helens
    - codes:
        iso3166-2: GB-SHN
      names:
        - name: St. Helens
          sources:
            - name: iso3166-2
              languages: [en]
    

    # Staffordshire
    - codes:
        iso3166-2: GB-STS
      names:
        - name: Staffordshire
          sources:
            - name: iso3166-2
              languages: [en]
    

    # Stirling
    - codes:
        iso3166-2: GB-STG
      names:
        - name: Stirling
          sources:
            - name: iso3166-2
              languages: [en]
    

    # Stockport
    - codes:
        iso3166-2: GB-SKP
      names:
        - name: Stockport
          sources:
            - name: iso3166-2
              languages: [en]
    

    # Stockton-on-Tees
    - codes:
        iso3166-2: GB-STT
      names:
        - name: Stockton-on-Tees
          sources:
            - name: iso3166-2
              languages: [en]
    

    # Stoke-on-Trent
    - codes:
        iso3166-2: GB-STE
      names:
        - name: Stoke-on-Trent
          sources:
            - name: iso3166-2
              languages: [en]
    

    # Suffolk
    - codes:
        iso3166-2: GB-SFK
      names:
        - name: Suffolk
          sources:
            - name: iso3166-2
              languages: [en]
    

    # Sunderland
    - codes:
        iso3166-2: GB-SND
      names:
        - name: Sunderland
          sources:
            - name: iso3166-2
              languages: [en]
    

    # Surrey
    - codes:
        iso3166-2: GB-SRY
      names:
        - name: Surrey
          sources:
            - name: iso3166-2
              languages: [en]
    

    # Sutton
    - codes:
        iso3166-2: GB-STN
      names:
        - name: Sutton
          sources:
            - name: iso3166-2
              languages: [en]
    

    # Swansea
    - codes:
        iso3166-2: GB-SWA
      names:
        - name: Swansea
          sources:
            - name: iso3166-2
              languages: [en]
              value: Swansea [Abertawe GB-ATA]
    

    # Swindon
    - codes:
        iso3166-2: GB-SWD
      names:
        - name: Swindon
          sources:
            - name: iso3166-2
              languages: [en]
    

    # Tameside
    - codes:
        iso3166-2: GB-TAM
      names:
        - name: Tameside
          sources:
            - name: iso3166-2
              languages: [en]
    

    # Telford and Wrekin
    - codes:
        iso3166-2: GB-TFW
      names:
        - name: Telford and Wrekin
          sources:
            - name: iso3166-2
              languages: [en]
    

    # Thurrock
    - codes:
        iso3166-2: GB-THR
      names:
        - name: Thurrock
          sources:
            - name: iso3166-2
              languages: [en]
    

    # Torbay
    - codes:
        iso3166-2: GB-TOB
      names:
        - name: Torbay
          sources:
            - name: iso3166-2
              languages: [en]
    

    # Torfaen
    - codes:
        iso3166-2: GB-TOF
      names:
        - name: Torfaen
          sources:
            - name: iso3166-2
              languages: [en]
              value: Torfaen [Tor-faen]
    

    # Tower Hamlets
    - codes:
        iso3166-2: GB-TWH
      names:
        - name: Tower Hamlets
          sources:
            - name: iso3166-2
              languages: [en]
    

    # Trafford
    - codes:
        iso3166-2: GB-TRF
      names:
        - name: Trafford
          sources:
            - name: iso3166-2
              languages: [en]
    

    # Vale Glamorgan
    - codes:
        iso3166-2: GB-VGL
      names:
        - name: Vale Glamorgan
          sources:
            - name: iso3166-2
              languages: [en]
              value: Vale of Glamorgan, The [Bro Morgannwg GB-BMG]
    

    # Wakefield
    - codes:
        iso3166-2: GB-WKF
      names:
        - name: Wakefield
          sources:
            - name: iso3166-2
              languages: [en]
    

    # Walsall
    - codes:
        iso3166-2: GB-WLL
      names:
        - name: Walsall
          sources:
            - name: iso3166-2
              languages: [en]
    

    # Waltham Forest
    - codes:
        iso3166-2: GB-WFT
      names:
        - name: Waltham Forest
          sources:
            - name: iso3166-2
              languages: [en]
    

    # Wandsworth
    - codes:
        iso3166-2: GB-WND
      names:
        - name: Wandsworth
          sources:
            - name: iso3166-2
              languages: [en]
    

    # Warrington
    - codes:
        iso3166-2: GB-WRT
      names:
        - name: Warrington
          sources:
            - name: iso3166-2
              languages: [en]
    

    # Warwickshire
    - codes:
        iso3166-2: GB-WAR
      names:
        - name: Warwickshire
          sources:
            - name: iso3166-2
              languages: [en]
    

    # West Berkshire
    - codes:
        iso3166-2: GB-WBK
      names:
        - name: West Berkshire
          sources:
            - name: iso3166-2
              languages: [en]
    

    # West Dunbartonshire
    - codes:
        iso3166-2: GB-WDU
      names:
        - name: West Dunbartonshire
          sources:
            - name: iso3166-2
              languages: [en]
    

    # West Lothian
    - codes:
        iso3166-2: GB-WLN
      names:
        - name: West Lothian
          sources:
            - name: iso3166-2
              languages: [en]
    

    # West Sussex
    - codes:
        iso3166-2: GB-WSX
      names:
        - name: West Sussex
          sources:
            - name: iso3166-2
              languages: [en]
    

    # Westminster
    - codes:
        iso3166-2: GB-WSM
      names:
        - name: Westminster
          sources:
            - name: iso3166-2
              languages: [en]
    

    # Wigan
    - codes:
        iso3166-2: GB-WGN
      names:
        - name: Wigan
          sources:
            - name: iso3166-2
              languages: [en]
    

    # Wiltshire
    - codes:
        iso3166-2: GB-WIL
      names:
        - name: Wiltshire
          sources:
            - name: iso3166-2
              languages: [en]
    

    # Windsor and Maidenhead
    - codes:
        iso3166-2: GB-WNM
      names:
        - name: Windsor and Maidenhead
          sources:
            - name: iso3166-2
              languages: [en]
    

    # Wirral
    - codes:
        iso3166-2: GB-WRL
      names:
        - name: Wirral
          sources:
            - name: iso3166-2
              languages: [en]
    

    # Wokingham
    - codes:
        iso3166-2: GB-WOK
      names:
        - name: Wokingham
          sources:
            - name: iso3166-2
              languages: [en]
    

    # Wolverhampton
    - codes:
        iso3166-2: GB-WLV
      names:
        - name: Wolverhampton
          sources:
            - name: iso3166-2
              languages: [en]
    

    # Worcestershire
    - codes:
        iso3166-2: GB-WOR
      names:
        - name: Worcestershire
          sources:
            - name: iso3166-2
              languages: [en]
    

    # Wrexham
    - codes:
        iso3166-2: GB-WRX
      names:
        - name: Wrexham
          sources:
            - name: iso3166-2
              languages: [en]
              value: Wrexham [Wrecsam GB-WRC]
    

    # York
    - codes:
        iso3166-2: GB-YOR
      names:
        - name: York
          sources:
            - name: iso3166-2
              languages: [en]
